Row,Inflow,Outflow,Level,Length,Total
Job separation probability,56.5082850029862,15.0752969941683,8.90415414210395,19.5122638607416,100
Job finding probability,36.0048673661579,17.0323611162685,21.9865466160434,24.9762249015302,99.9999999999999
Unemployment rate,52.3420345140142,12.7015168650522,15.6667501382375,19.2896984826959,99.9999999999999
Average unemployment duration,35.3538551668747,23.052797647609,20.4828467385855,21.1105004469307,100
