Row,Inflow,Outflow,Level,Length,V,GDP,Total
Job separation probability,52.2025351611663,6.16306254780752,10.0207755018019,22.5029659248576,5.20503028604706,3.90563057831976,100
Job finding probability,25.3951838464224,15.8317834117128,22.5181245807394,23.9105327171964,7.2830661521471,5.06130929178195,100
Unemployment rate,38.7703465456439,14.2693405583653,4.16057197323383,30.2982397320034,10.3865173414794,2.11498384927427,100
Average unemployment duration,20.9645665600129,18.8444562648101,23.5408997858904,20.4963105188054,9.53397951031643,6.61978736016479,100
Vacancy level,30.4489236988628,10.0123254632664,16.3231368334316,12.9075230696148,25.1109899656042,5.19710096922026,100
Output level,26.3582321999951,10.2719926541609,15.8770702544097,12.6885953249265,10.8354423445649,23.9686672219432,100
