Row,Inflow,Outflow,Level,Length,Total
Job separation probability,54.7179436089741,10.5650094453236,11.8065990026461,22.9104479430562,100
Job finding probability,27.5656259390939,29.7109340378454,21.8525273517778,20.8709126712828,100
Unemployment rate,40.9607707873351,26.0477292750496,17.3750557997879,15.6164441378274,100
Average unemployment duration,26.7162343753604,34.4767228370729,20.279844550317,18.5271982372498,100
