Row,Inflow,Outflow,Level,Length,Total
Job separation probability,73.5327133701459,14.8177749804165,7.40494928870119,4.24456236073638,100
Job finding probability,19.8475522270437,58.0787686561763,15.2209848745209,6.85269424225913,100
Unemployment rate,44.6130164512546,36.0585563767821,13.0159737335878,6.31245343837553,100
Average unemployment duration,21.9468604612147,46.1220421600289,9.24041425148692,22.6906831272695,100
