Row,Inflow,Outflow,Level,Length,Total
Job separation probability,79.7079480206675,12.5685706627075,5.4600630778499,2.26341823877511,100
Job finding probability,36.6722673858312,46.6581071170395,10.9568729852701,5.71275251185918,100
Unemployment rate,37.4486415303063,38.3216151757178,18.0728719204311,6.15687137354477,100
Average unemployment duration,30.8785348652067,40.6436514391056,9.59682078242281,18.8809929132649,100
