Row,Inflow,Outflow,Level,Length,Total
Job separation probability,61.7038845003525,5.587715510721,9.58999072669579,23.1184092622307,100
Job finding probability,25.1187592418919,18.7134259937958,28.3149092953122,27.8529054690002,100
Unemployment rate,43.920654121658,15.2420716137007,22.2194594414903,18.617814823151,100
Average unemployment duration,25.901168580761,25.3000432815351,26.046673600519,22.7521145371848,100
