Row,Inflow,Outflow,Level,Length,Total
Job separation probability,64.9971660112179,5.71829465464385,7.01259473198271,22.2719446021555,100
Job finding probability,33.7492234496505,14.9251900018659,21.9372432367872,29.3883433116965,100
Unemployment rate,35.1859200839623,17.8459055323358,25.112268748188,21.855905635514,100
Average unemployment duration,27.4636410261743,22.1111864290916,24.1250478270763,26.3001247176578,100
